Workbook

Sheet ExtraçãoManualValidada
A1: Sistema | B1: Tarefa (Objetivo) | C1: Q1 | D1: LinkDaImagemValidada | N1: Versão | O1: Ação (Subtarefa)
A2: LibreOffice Writer | B2: 1. Escrever o Título "Documento de Análise" e centralizá-lo no documento | N2: v0 | O2: Clicar na caixa de seleção "Definir estilo do parágrafo"
A3: LibreOffice Writer | B3: 1. Escrever o Título "Documento de Análise" e centralizá-lo no documento | C3: ? | N3: v0 | O3: Clicar em "Título do documento"
A4: LibreOffice Writer | B4: 1. Escrever o Título "Documento de Análise" e centralizá-lo no documento | C4: ? | N4: v0 | O4: Escrever "Documento de Análise"
A5: LibreOffice Writer | B5: 1. Escrever o Título "Documento de Análise" e centralizá-lo no documento | C5: ? | N5: v1 | O5: Clicar em "Estilos"
A6: LibreOffice Writer | B6: 1. Escrever o Título "Documento de Análise" e centralizá-lo no documento | C6: ? | N6: v1 | O6: Clicar em "título"
A7: LibreOffice Writer | B7: 1. Escrever o Título "Documento de Análise" e centralizá-lo no documento | C7: ? | N7: v1 | O7: Escrever "Documento de Análise"
A8: LibreOffice Writer | B8: 2. Inserir uma tabela 4x4 | C8: ? | N8: v0 | O8: Clicar em "tabela"
A9: LibreOffice Writer | B9: 2. Inserir uma tabela 4x4 | C9: ? | N9: v0 | O9: Clicar em Inserir Tabela
A10: LibreOffice Writer | B10: 2. Inserir uma tabela 4x4 | C10: ? | N10: v0 | O10: ajustar para 4x4
A11: LibreOffice Writer | B11: 2. Inserir uma tabela 4x4 | C11: ? | N11: v0 | O11: Clicar em Inserir
A12: LibreOffice Writer | B12: 2. Inserir uma tabela 4x4 | C12: ? | N12: v1 | O12: Na barra de ferramentas clicar em "inserir tabela"
A13: LibreOffice Writer | B13: 2. Inserir uma tabela 4x4 | C13: ? | N13: v1 | O13: Ajustar para 4x4
A14: LibreOffice Writer | B14: 2. Inserir uma tabela 4x4 | C14: ? | N14: v1 | O14: Clicar no tamanho desejado
... A54: Americanas | B54: 5. Verificar Histórico de Pedidos | C54: Não precisa | N54: - | O54: Em qualquer um dos itens clicar no botão de "cesta"
N55: - | O55: Selecionar uma versão do seu produto
N56: - | O56: Clicar em "Sim, adicionar"
N57: - | O57: Clicar no Banner "Bis Xtra leve 4 por 2,74 cada"
N58: - | O58: Clicar na cesta do "Bis Xtra Chocolate Branco 45g"
N59: - | O59: Clicar na cesta no canto superior direito
N60: - | O60: Clicar em "Minha conta"
N61: - | O61: Clicar em "Pedidos"
A62: SIM | C62: =COUNTIF(C2:C54,"Sim") -> 22
A63: NÃO | C63: =COUNTIF(C2:C54,"Não") -> 0

Sheet A - IA
A1: Sistema | B1: Tarefa (Objetivo) | C1: Versão | D1: Ação (Subtarefa) | E1: Q1 | F1: Q2 | G1: Q3 | H1: Q4
A2: LibreOffice Writer | B2: 1. Escrever o Título "Documento de Análise" e centralizá-lo no documento | C2: v0 | D2: Clicar na caixa de seleção "Definir estilo do parágrafo" | E2: Não | F2: Sim | G2: Sim | H2: Sim | I2: 1
A3: LibreOffice Writer | B3: 1. Escrever o Título "Documento de Análise" e centralizá-lo no documento | C3: v0 | D3: Clicar em "Título do documento" | E3: Sim | F3: Sim | G3: Não | H3: Sim | I3: 1
A4: LibreOffice Writer | B4: 1. Escrever o Título "Documento de Análise" e centralizá-lo no documento | C4: v0 | D4: Escrever "Documento de Análise" | E4: Sim | F4: Sim | G4: Não | H4: Sim | I4: 1
A5: LibreOffice Writer | B5: 1. Escrever o Título "Documento de Análise" e centralizá-lo no documento | C5: v1 | D5: Clicar em "Estilos" | E5: Não | F5: Sim | G5: Não | H5: Não | I5: 1
A6: LibreOffice Writer | B6: 1. Escrever o Título "Documento de Análise" e centralizá-lo no documento | C6: v1 | D6: Clicar em "título" | E6: Não | F6: Sim | G6: Não | H6: Não | I6: 1
A7: LibreOffice Writer | B7: 1. Escrever o Título "Documento de Análise" e centralizá-lo no documento | C7: v1 | D7: Escrever "Documento de Análise" | E7: Sim | F7: Sim | G7: Sim | H7: Sim | I7: 1
A8: LibreOffice Writer | B8: 2. Inserir uma tabela 4x4 | C8: v0 | D8: Clicar em "tabela" | E8: Sim | F8: Sim | G8: Sim | H8: Sim | I8: 1
A9: LibreOffice Writer | B9: 2. Inserir uma tabela 4x4 | C9: v0 | D9: Clicar em Inserir Tabela | E9: Sim | F9: Sim | G9: Sim | H9: Sim | I9: 1
A10: LibreOffice Writer | B10: 2. Inserir uma tabela 4x4 | C10: v0 | D10: ajustar para 4x4 | E10: Sim | F10: Sim | G10: Sim | H10: Sim | I10: 1
A11: LibreOffice Writer | B11: 2. Inserir uma tabela 4x4 | C11: v0 | D11: Clicar em Inserir | E11: Sim | F11: Sim | G11: Sim | H11: Sim | I11: 1
A12: LibreOffice Writer | B12: 2. Inserir uma tabela 4x4 | C12: v1 | D12: Na barra de ferramentas clicar em "inserir tabela" | E12: Sim | F12: Sim | G12: Sim | H12: Sim | I12: 1
A13: LibreOffice Writer | B13: 2. Inserir uma tabela 4x4 | C13: v1 | D13: Ajustar para 4x4 | E13: Sim | F13: Sim | G13: Sim | H13: Sim | I13: 1
... A61: Americanas | B61: 5. Verificar Histórico de Pedidos | C61: - | D61: Clicar em "Pedidos" | E61: Não | F61: Sim | G61: Sim | H61: Não | I61: 1
A62: SIM | E62: =COUNTIF(E2:E61,"Sim") -> 51 | F62: =COUNTIF(F2:F61,"Sim") -> 58 | G62: =COUNTIF(G2:G61,"Sim") -> 50 | H62: =COUNTIF(H2:H61,"Sim") -> 50 | I62: =SUM(E62:H62) -> 209
A63: NÃO | E63: =COUNTIF(E2:E61,"Não") -> 9 | F63: =COUNTIF(F2:F61,"Não") -> 2 | G63: =COUNTIF(G2:G61,"Não") -> 10 | H63: =COUNTIF(H2:H61,"Não") -> 10 | I63: =SUM(E63:H63) -> 31

Sheet B- IA
A1: Sistema | B1: Tarefa (Objetivo) | C1: Versão | D1: Ação (Subtarefa) | E1: Q1 | F1: Q2 | G1: Q3 | H1: Q4
A2: LibreOffice Writer | B2: 1. Escrever o Título "Documento de Análise" e centralizá-lo no documento | C2: v0 | D2: Clicar na caixa de seleção "Definir estilo do parágrafo" | E2: Sim | F2: Sim | G2: Sim | H2: Sim
A3: LibreOffice Writer | B3: 1. Escrever o Título "Documento de Análise" e centralizá-lo no documento | C3: v0 | D3: Clicar em "Título do documento" | E3: Sim | F3: Sim | G3: Sim | H3: SIm
A4: LibreOffice Writer | B4: 1. Escrever o Título "Documento de Análise" e centralizá-lo no documento | C4: v0 | D4: Escrever "Documento de Análise" | E4: Sim | F4: Sim | G4: Sim | H4: SIm
A5: LibreOffice Writer | B5: 1. Escrever o Título "Documento de Análise" e centralizá-lo no documento | C5: v1 | D5: Clicar em "Estilos" | E5: Sim | F5: Sim | G5: Sim | H5: SIm
A6: LibreOffice Writer | B6: 1. Escrever o Título "Documento de Análise" e centralizá-lo no documento | C6: v1 | D6: Clicar em "título" | E6: Sim | F6: Sim | G6: Sim | H6: SIm
A7: LibreOffice Writer | B7: 1. Escrever o Título "Documento de Análise" e centralizá-lo no documento | C7: v1 | D7: Escrever "Documento de Análise" | E7: Sim | F7: Sim | G7: Sim | H7: Sim
A8: LibreOffice Writer | B8: 2. Inserir uma tabela 4x4 | C8: v0 | D8: Clicar em "tabela" | E8: Sim | F8: Sim | G8: Sim | H8: Sim
A9: LibreOffice Writer | B9: 2. Inserir uma tabela 4x4 | C9: v0 | D9: Clicar em Inserir Tabela | E9: Sim | F9: Sim | G9: Sim | H9: Sim
A10: LibreOffice Writer | B10: 2. Inserir uma tabela 4x4 | C10: v0 | D10: ajustar para 4x4 | E10: Sim | F10: Sim | G10: Sim | H10: Sim
A11: LibreOffice Writer | B11: 2. Inserir uma tabela 4x4 | C11: v0 | D11: Clicar em Inserir | E11: Sim | F11: Sim | G11: Sim | H11: Sim
A12: LibreOffice Writer | B12: 2. Inserir uma tabela 4x4 | C12: v1 | D12: Na barra de ferramentas clicar em "inserir tabela" | E12: Sim | F12: Sim | G12: Sim | H12: Sim
... A61: Americanas | B61: 5. Verificar Histórico de Pedidos | C61: - | D61: Clicar em "Pedidos" | E61: Sim | F61: Sim | G61: Sim | H61: Sim
A62: SIM | E62: =COUNTIF(E2:E61,"Sim") -> 59 | F62: =COUNTIF(F2:F61,"Sim") -> 59 | G62: =COUNTIF(G2:G61,"Sim") -> 38 | H62: =COUNTIF(H2:H61,"Sim") -> 32 | I62: =SUM(E62:H62) -> 188
A63: NÃO | E63: =COUNTIF(E2:E61,"Não") -> 1 | F63: =COUNTIF(F2:F61,"Não") -> 1 | G63: =COUNTIF(G2:G61,"Não") -> 1 | H63: =COUNTIF(H2:H61,"Não") -> 3 | I63: =SUM(E63:H63) -> 6

Sheet C - IA
A1: Sistema | B1: Tarefa (Objetivo) | C1: Versão | D1: Ação (Subtarefa) | E1: Q1 | F1: Q2 | G1: Q3 | H1: Q4
A2: LibreOffice Writer | B2: 1. Escrever o Título "Documento de Análise" e centralizá-lo no documento | C2: v0 | D2: Clicar na caixa de seleção "Definir estilo do parágrafo" | E2: Sim | F2: Sim | G2: Sim | H2: Sim
A3: LibreOffice Writer | B3: 1. Escrever o Título "Documento de Análise" e centralizá-lo no documento | C3: v0 | D3: Clicar em "Título do documento" | E3: Sim | F3: Sim | G3: Sim | H3: Sim
A4: LibreOffice Writer | B4: 1. Escrever o Título "Documento de Análise" e centralizá-lo no documento | C4: v0 | D4: Escrever "Documento de Análise" | E4: Sim | F4: Sim | G4: Sim | H4: Sim
A5: LibreOffice Writer | B5: 1. Escrever o Título "Documento de Análise" e centralizá-lo no documento | C5: v1 | D5: Clicar em "Estilos" | E5: Sim | F5: Sim | G5: Sim | H5: Sim
A6: LibreOffice Writer | B6: 1. Escrever o Título "Documento de Análise" e centralizá-lo no documento | C6: v1 | D6: Clicar em "título" | E6: Não | F6: Sim | G6: Sim | H6: Sim
A7: LibreOffice Writer | B7: 1. Escrever o Título "Documento de Análise" e centralizá-lo no documento | C7: v1 | D7: Escrever "Documento de Análise" | E7: Sim | F7: Sim | G7: Sim | H7: Sim
A8: LibreOffice Writer | B8: 2. Inserir uma tabela 4x4 | C8: v0 | D8: Clicar em "tabela" | E8: Sim | F8: Sim | G8: Sim | H8: Sim
A9: LibreOffice Writer | B9: 2. Inserir uma tabela 4x4 | C9: v0 | D9: Clicar em Inserir Tabela | E9: Sim | F9: Sim | G9: Sim | H9: Sim
A10: LibreOffice Writer | B10: 2. Inserir uma tabela 4x4 | C10: v0 | D10: ajustar para 4x4 | E10: Sim | F10: Sim | G10: SIm | H10: SIm
A11: LibreOffice Writer | B11: 2. Inserir uma tabela 4x4 | C11: v0 | D11: Clicar em Inserir | E11: Sim | F11: Sim | G11: Sim | H11: Sim
A12: LibreOffice Writer | B12: 2. Inserir uma tabela 4x4 | C12: v1 | D12: Na barra de ferramentas clicar em "inserir tabela" | E12: Sim | F12: Sim | G12: Sim | H12: Sim
... A61: Americanas | B61: 5. Verificar Histórico de Pedidos | C61: - | D61: Clicar em "Pedidos" | E61: Sim | F61: Sim | G61: Sim | H61: Sim
A62: SIM | E62: =COUNTIF(E2:E61,"Sim") -> 54 | F62: =COUNTIF(F2:F61,"Sim") -> 58 | G62: =COUNTIF(G2:G61,"Sim") -> 55 | H62: =COUNTIF(H2:H61,"Sim") -> 50 | I62: =SUM(E62:H62) -> 217
A63: NÃO | E63: =COUNTIF(E2:E61,"Não") -> 6 | F63: =COUNTIF(F2:F61,"Não") -> 2 | G63: =COUNTIF(G2:G61,"Não") -> 2 | H63: =COUNTIF(H2:H61,"Não") -> 4 | I63: =SUM(E63:H63) -> 14

Sheet Manual
A1: Sistema | B1: Tarefa (Objetivo) | C1: Versão | D1: Ação (Subtarefa) | E1: Q1 | F1: Q2 | G1: Q3 | H1: Q4
A2: Processador de texto | B2: 1. Escrever o título "Documento de Análise" e centralizá-lo no documento | C2: v0 | D2: Clicar na caixa de seleção "Definir estilo do parágrafo" | E2: Sim | F2: Sim | G2: Sim | H2: Sim
A3: Processador de texto | B3: 1. Escrever o título "Documento de Análise" e centralizá-lo no documento | C3: v0 | D3: Clicar em "Título do documento" | E3: Sim | F3: Sim | G3: Sim | H3: Sim
A4: Processador de texto | B4: 1. Escrever o título "Documento de Análise" e centralizá-lo no documento | C4: v0 | D4: Escrever "Documento de Análise" | E4: Sim | F4: Sim | G4: Sim | H4: Sim
A5: Processador de texto | B5: 1. Escrever o título "Documento de Análise" e centralizá-lo no documento | C5: v1 | D5: Clicar em "Estilos" | E5: Sim | F5: Sim | G5: Sim | H5: Sim
A6: Processador de texto | B6: 1. Escrever o título "Documento de Análise" e centralizá-lo no documento | C6: v1 | D6: Clicar em "título" | E6: Sim | F6: Sim | G6: Sim | H6: Sim
A7: Processador de texto | B7: 1. Escrever o título "Documento de Análise" e centralizá-lo no documento | C7: v1 | D7: Escrever "Documento de Análise" | E7: Sim | F7: Sim | G7: Sim | H7: Sim
A8: Processador de texto | B8: 2. Inserir uma tabela 4x4 | C8: v0 | D8: Clicar em "Tabela" | E8: Sim | F8: Sim | G8: Sim | H8: Sim
A9: Processador de texto | B9: 2. Inserir uma tabela 4x4 | C9: v0 | D9: Clicar em Inserir Tabela | E9: Sim | F9: Sim | G9: Sim | H9: Sim | I9: 1
A10: Processador de texto | B10: 2. Inserir uma tabela 4x4 | C10: v0 | D10: Ajustar para 4x4 | E10: Sim | F10: Sim | G10: Sim | H10: Sim
A11: Processador de texto | B11: 2. Inserir uma tabela 4x4 | C11: v0 | D11: Clicar em "Inserir" | E11: Sim | F11: Sim | G11: Sim | H11: Sim
A12: Processador de texto | B12: 2. Inserir uma tabela 4x4 | C12: v1 | D12: Na barra de ferramentas clicar em "inserir tabela" | E12: Sim | F12: Sim | G12: Sim | H12: Sim
A13: Processador de texto | B13: 2. Inserir uma tabela 4x4 | C13: v1 | D13: Ajustar para 4x4 | E13: Sim | F13: Sim | G13: Sim | H13: Sim
A14: Processador de texto | B14: 2. Inserir uma tabela 4x4 | C14: v1 | D14: Clicar no tamanho desejado | E14: Sim | F14: Sim | G14: Sim | H14: Sim
A15: Processador de texto | B15: 3. Escrever um parágrafo de 3 linhas justificado | C15: v0 | D15: Na barra de ferramentas: clicar em "Justificado" | E15: Sim | F15: Sim | G15: Sim | H15: Sim
A16: Processador de texto | B16: 3. Escrever um parágrafo de 3 linhas justificado | C16: v0 | D16: Escrever algo | E16: Sim | F16: Sim | G16: Sim | H16: Sim
A17: Processador de texto | B17: 3. Escrever um parágrafo de 3 linhas justificado | C17: v1 | D17: Clicar em "Propriedades" | E17: Não | F17: Sim | G17: Não | H17: Sim
A18: Processador de texto | B18: 3. Escrever um parágrafo de 3 linhas justificado | C18: v1 | D18: Clicar em "Justificado" | E18: Sim | F18: Sim | G18: Sim | H18: Sim
A19: Processador de texto | B19: 3. Escrever um parágrafo de 3 linhas justificado | C19: v1 | D19: Escrever algo | E19: Sim | F19: Sim | G19: Sim | H19: Sim
A20: Processador de texto | B20: 4. Colocar um campo para assinar digitalmente | C20: - | D20: Clicar em "Inserir" | E20: Sim | F20: Sim | G20: Sim | H20: Sim
A21: Processador de texto | B21: 4. Colocar um campo para assinar digitalmente | C21: - | D21: Clicar em "Linha de Assinatura" | E21: Sim | F21: Sim | G21: Sim | H21: Sim
... A61: Site de comércio eletrônico | B61: 5. Verificar histórico de pedidos | C61: - | D61: Clicar em "Pedidos" | E61: Sim | F61: Sim | G61: Sim | H61: Sim
A62: SIM | E62: =COUNTIF(E2:E61,"Sim") -> 55 | F62: =COUNTIF(F2:F61,"Sim") -> 60 | G62: =COUNTIF(G2:G61,"Sim") -> 58 | H62: =COUNTIF(H2:H61,"Sim") -> 60
A63: NÃO | E63: =COUNTIF(E2:E61,"Não") -> 5 | F63: =COUNTIF(F2:F61,"Não") -> 0 | G63: =COUNTIF(G2:G61,"Não") -> 2 | H63: =COUNTIF(H2:H61,"Não") -> 0

Sheet Comparação
A1: Sistema | B1: Tarefa (Objetivo) | C1: Versão | D1: Ação (Subtarefa) | F1: Q2 | G1: Q3 | H1: Q1
A2: LibreOffice Writer | B2: 1. Escrever o título "Documento de Análise" e centralizá-lo no documento | C2: v0 | D2: Clicar na caixa de seleção "Definir estilo do parágrafo" | E2: =IF(Manual!E2='A - IA'!E2, 'A - IA'!E2, "Diferente") -> Diferente | F2: =IF(Manual!F2='A - IA'!F2, 'A - IA'!F2, "Diferente") -> Sim | G2: =IF(Manual!G2='A - IA'!G2, 'A - IA'!G2, "Diferente") -> Sim | H2: =IF(Manual!H2='A - IA'!H2, 'A - IA'!H2, "Diferente") -> Sim | J2: Recall de problemas
A3: LibreOffice Writer | B3: 1. Escrever o título "Documento de Análise" e centralizá-lo no documento | C3: v0 | D3: Clicar em "Título do documento" | E3: =IF(Manual!E3='A - IA'!E3, 'A - IA'!E3, "Diferente") -> Sim | F3: =IF(Manual!F3='A - IA'!F3, 'A - IA'!F3, "Diferente") -> Sim | G3: =IF(Manual!G3='A - IA'!G3, 'A - IA'!G3, "Diferente") -> Diferente | H3: =IF(Manual!H3='A - IA'!H3, 'A - IA'!H3, "Diferente") -> Sim
A4: LibreOffice Writer | B4: 1. Escrever o título "Documento de Análise" e centralizá-lo no documento | C4: v0 | D4: Escrever "Documento de Análise" | E4: =IF(Manual!E4='A - IA'!E4, 'A - IA'!E4, "Diferente") -> Sim | F4: =IF(Manual!F4='A - IA'!F4, 'A - IA'!F4, "Diferente") -> Sim | G4: =IF(Manual!G4='A - IA'!G4, 'A - IA'!G4, "Diferente") -> Diferente | H4: =IF(Manual!H4='A - IA'!H4, 'A - IA'!H4, "Diferente") -> Sim
A5: LibreOffice Writer | B5: 1. Escrever o título "Documento de Análise" e centralizá-lo no documento | C5: v1 | D5: Clicar em "Estilos" | E5: =IF(Manual!E5='A - IA'!E5, 'A - IA'!E5, "Diferente") -> Diferente | F5: =IF(Manual!F5='A - IA'!F5, 'A - IA'!F5, "Diferente") -> Sim | G5: =IF(Manual!G5='A - IA'!G5, 'A - IA'!G5, "Diferente") -> Diferente | H5: =IF(Manual!H5='A - IA'!H5, 'A - IA'!H5, "Diferente") -> Diferente
A6: LibreOffice Writer | B6: 1. Escrever o título "Documento de Análise" e centralizá-lo no documento | C6: v1 | D6: Clicar em "título" | E6: =IF(Manual!E6='A - IA'!E6, 'A - IA'!E6, "Diferente") -> Diferente | F6: =IF(Manual!F6='A - IA'!F6, 'A - IA'!F6, "Diferente") -> Sim | G6: =IF(Manual!G6='A - IA'!G6, 'A - IA'!G6, "Diferente") -> Diferente | H6: =IF(Manual!H6='A - IA'!H6, 'A - IA'!H6, "Diferente") -> Diferente
A7: LibreOffice Writer | B7: 1. Escrever o título "Documento de Análise" e centralizá-lo no documento | C7: v1 | D7: Escrever "Documento de Análise" | E7: =IF(Manual!E7='A - IA'!E7, 'A - IA'!E7, "Diferente") -> Sim | F7: =IF(Manual!F7='A - IA'!F7, 'A - IA'!F7, "Diferente") -> Sim | G7: =IF(Manual!G7='A - IA'!G7, 'A - IA'!G7, "Diferente") -> Sim | H7: =IF(Manual!H7='A - IA'!H7, 'A - IA'!H7, "Diferente") -> Sim
A8: LibreOffice Writer | B8: 2. Inserir uma tabela 4x4 | C8: v0 | D8: Clicar em "Tabela" | E8: =IF(Manual!E8='A - IA'!E8, 'A - IA'!E8, "Diferente") -> Sim | F8: =IF(Manual!F8='A - IA'!F8, 'A - IA'!F8, "Diferente") -> Sim | G8: =IF(Manual!G8='A - IA'!G8, 'A - IA'!G8, "Diferente") -> Sim | H8: =IF(Manual!H8='A - IA'!H8, 'A - IA'!H8, "Diferente") -> Sim
A9: LibreOffice Writer | B9: 2. Inserir uma tabela 4x4 | C9: v0 | D9: Clicar em Inserir Tabela | E9: =IF(Manual!E9='A - IA'!E9, 'A - IA'!E9, "Diferente") -> Sim | F9: =IF(Manual!F9='A - IA'!F9, 'A - IA'!F9, "Diferente") -> Sim | G9: =IF(Manual!G9='A - IA'!G9, 'A - IA'!G9, "Diferente") -> Sim | H9: =IF(Manual!H9='A - IA'!H9, 'A - IA'!H9, "Diferente") -> Sim
A10: LibreOffice Writer | B10: 2. Inserir uma tabela 4x4 | C10: v0 | D10: Ajustar para 4x4 | E10: =IF(Manual!E10='A - IA'!E10, 'A - IA'!E10, "Diferente") -> Sim | F10: =IF(Manual!F10='A - IA'!F10, 'A - IA'!F10, "Diferente") -> Sim | G10: =IF(Manual!G10='A - IA'!G10, 'A - IA'!G10, "Diferente") -> Sim | H10: =IF(Manual!H10='A - IA'!H10, 'A - IA'!H10, "Diferente") -> Sim
A11: LibreOffice Writer | B11: 2. Inserir uma tabela 4x4 | C11: v0 | D11: Clicar em "Inserir" | E11: =IF(Manual!E11='A - IA'!E11, 'A - IA'!E11, "Diferente") -> Sim | F11: =IF(Manual!F11='A - IA'!F11, 'A - IA'!F11, "Diferente") -> Sim | G11: =IF(Manual!G11='A - IA'!G11, 'A - IA'!G11, "Diferente") -> Sim | H11: =IF(Manual!H11='A - IA'!H11, 'A - IA'!H11, "Diferente") -> Sim
A12: LibreOffice Writer | B12: 2. Inserir uma tabela 4x4 | C12: v1 | D12: Na barra de ferramentas clicar em "inserir tabela" | E12: =IF(Manual!E12='A - IA'!E12, 'A - IA'!E12, "Diferente") -> Sim | F12: =IF(Manual!F12='A - IA'!F12, 'A - IA'!F12, "Diferente") -> Sim | G12: =IF(Manual!G12='A - IA'!G12, 'A - IA'!G12, "Diferente") -> Sim | H12: =IF(Manual!H12='A - IA'!H12, 'A - IA'!H12, "Diferente") -> Sim
A13: LibreOffice Writer | B13: 2. Inserir uma tabela 4x4 | C13: v1 | D13: Ajustar para 4x4 | E13: =IF(Manual!E13='A - IA'!E13, 'A - IA'!E13, "Diferente") -> Sim | F13: =IF(Manual!F13='A - IA'!F13, 'A - IA'!F13, "Diferente") -> Sim | G13: =IF(Manual!G13='A - IA'!G13, 'A - IA'!G13, "Diferente") -> Sim | H13: =IF(Manual!H13='A - IA'!H13, 'A - IA'!H13, "Diferente") -> Sim
A14: LibreOffice Writer | B14: 2. Inserir uma tabela 4x4 | C14: v1 | D14: Clicar no tamanho desejado | E14: =IF(Manual!E14='A - IA'!E14, 'A - IA'!E14, "Diferente") -> Sim | F14: =IF(Manual!F14='A - IA'!F14, 'A - IA'!F14, "Diferente") -> Sim | G14: =IF(Manual!G14='A - IA'!G14, 'A - IA'!G14, "Diferente") -> Sim | H14: =IF(Manual!H14='A - IA'!H14, 'A - IA'!H14, "Diferente") -> Sim
... A53: Site Lojas Americanas | B53: 2. Ver brinquedos de dinossauros de 100 a 250 reais | C53: v1 | D53: Aplicar filtro de "R$100 - R$250" | E53: =IF(Manual!E53='A - IA'!E53, 'A - IA'!E53, "Diferente") -> Sim | F53: =IF(Manual!F53='A - IA'!F53, 'A - IA'!F53, "Diferente") -> Sim | G53: =IF(Manual!G53='A - IA'!G53, 'A - IA'!G53, "Diferente") -> Sim | H53: =IF(Manual!H53='A - IA'!H53, 'A - IA'!H53, "Diferente") -> Sim
A54: Site Lojas Americanas | B54: 3. Colocar um item dos mais vendidos no carrinho e verificar o carrinho | C54: - | D54: Clicar em um item dos mais vendidos | E54: =IF(Manual!E54='A - IA'!E54, 'A - IA'!E54, "Diferente") -> Sim | F54: =IF(Manual!F54='A - IA'!F54, 'A - IA'!F54, "Diferente") -> Sim | G54: =IF(Manual!G54='A - IA'!G54, 'A - IA'!G54, "Diferente") -> Sim | H54: =IF(Manual!H54='A - IA'!H54, 'A - IA'!H54, "Diferente") -> Sim | M54: Revisar a inteção do usuario e considerar simbologias
A55: Site Lojas Americanas | B55: 3. Colocar um item dos mais vendidos no carrinho e verificar o carrinho | C55: - | D55: Selecionar uma versão do produto | E55: =IF(Manual!E55='A - IA'!E55, 'A - IA'!E55, "Diferente") -> Sim | F55: =IF(Manual!F55='A - IA'!F55, 'A - IA'!F55, "Diferente") -> Sim | G55: =IF(Manual!G55='A - IA'!G55, 'A - IA'!G55, "Diferente") -> Sim | H55: =IF(Manual!H55='A - IA'!H55, 'A - IA'!H55, "Diferente") -> Sim | M55: Rever ações do percurso cognitivo p
A56: Site Lojas Americanas | B56: 3. Colocar um item dos mais vendidos no carrinho e verificar o carrinho | C56: - | D56: Clicar em "Sim, adicionar" | E56: =IF(Manual!E56='A - IA'!E56, 'A - IA'!E56, "Diferente") -> Sim | F56: =IF(Manual!F56='A - IA'!F56, 'A - IA'!F56, "Diferente") -> Sim | G56: =IF(Manual!G56='A - IA'!G56, 'A - IA'!G56, "Diferente") -> Sim | H56: =IF(Manual!H56='A - IA'!H56, 'A - IA'!H56, "Diferente") -> Sim | M56: Enviar para o celmar com os dados mais refinados
A57: Site Lojas Americanas | B57: 4. Adicionar Bis Extra Branco em promoção "leve 4" na cesta e verificar se foi adicionado | C57: - | D57: Clicar no banner "Bis Xtra leve 4 por 2,74 cada" | E57: =IF(Manual!E57='A - IA'!E57, 'A - IA'!E57, "Diferente") -> Sim | F57: =IF(Manual!F57='A - IA'!F57, 'A - IA'!F57, "Diferente") -> Sim | G57: =IF(Manual!G57='A - IA'!G57, 'A - IA'!G57, "Diferente") -> Sim | H57: =IF(Manual!H57='A - IA'!H57, 'A - IA'!H57, "Diferente") -> Diferente | M57: Refinar meus documentos e resultados de dados
A58: Site Lojas Americanas | B58: 4. Adicionar Bis Extra Branco em promoção "leve 4" na cesta e verificar se foi adicionado | C58: - | D58: Clicar na cesta do "Bis Xtra Branco 45g" | E58: =IF(Manual!E58='A - IA'!E58, 'A - IA'!E58, "Diferente") -> Sim | F58: =IF(Manual!F58='A - IA'!F58, 'A - IA'!F58, "Diferente") -> Sim | G58: =IF(Manual!G58='A - IA'!G58, 'A - IA'!G58, "Diferente") -> Diferente | H58: =IF(Manual!H58='A - IA'!H58, 'A - IA'!H58, "Diferente") -> Diferente | M58: Pega uma parte e enviar para o celmar boa / rascunho de que faz sentido
A59: Site Lojas Americanas | B59: 4. Adicionar Bis Extra Branco em promoção "leve 4" na cesta e verificar se foi adicionado | C59: - | D59: Clicar na cesta no canto superior direito | E59: =IF(Manual!E59='A - IA'!E59, 'A - IA'!E59, "Diferente") -> Sim | F59: =IF(Manual!F59='A - IA'!F59, 'A - IA'!F59, "Diferente") -> Sim | G59: =IF(Manual!G59='A - IA'!G59, 'A - IA'!G59, "Diferente") -> Diferente | H59: =IF(Manual!H59='A - IA'!H59, 'A - IA'!H59, "Diferente") -> Diferente | M59: Analisar os diferentes, para entender a lógica e o pensamento dela e refinar o prompt
A60: Site Lojas Americanas | B60: 5. Verificar histórico de pedidos | C60: - | D60: Clicar em "Minha conta" | E60: =IF(Manual!E60='A - IA'!E60, 'A - IA'!E60, "Diferente") -> Diferente | F60: =IF(Manual!F60='A - IA'!F60, 'A - IA'!F60, "Diferente") -> Diferente | G60: =IF(Manual!G60='A - IA'!G60, 'A - IA'!G60, "Diferente") -> Diferente | H60: =IF(Manual!H60='A - IA'!H60, 'A - IA'!H60, "Diferente") -> Sim | M60: Diferenciar a diferenças como sim meu e não da IA, saber qual a resposta
A61: Site Lojas Americanas | B61: 5. Verificar histórico de pedidos | C61: - | D61: Clicar em "Pedidos" | E61: =IF(Manual!E61='A - IA'!E61, 'A - IA'!E61, "Diferente") -> Diferente | F61: =IF(Manual!F61='A - IA'!F61, 'A - IA'!F61, "Diferente") -> Sim | G61: =IF(Manual!G61='A - IA'!G61, 'A - IA'!G61, "Diferente") -> Sim | H61: =IF(Manual!H61='A - IA'!H61, 'A - IA'!H61, "Diferente") -> Diferente | M61: matriz de confusão fazer tambewm
B64: SIM | C64: NÃO
A65: MANUAL | B65: =SUM(Manual!E62:H62) -> 233 | C65: =SUM(Manual!E63:H63) -> 7 | D65: =SUM(B65:C65) -> 240
A66: IA | B66: =SUM('A - IA'!E62:H62) -> 209 | C66: =SUM('A - IA'!E63:H63) -> 31 | D66: =SUM(B66:C66) -> 240
A68: MANUAL | B68: SIM | C68: NAO
A69: Q1 | B69: =Manual!$E$62 -> 55 | C69: =Manual!$E$63 -> 5 | F69: Questoes | G69: Processo | H69: SIM | I69: NAO
A70: Q2 | B70: =Manual!$F$62 -> 60 | C70: =Manual!$F$63 -> 0 | F70: Q1 | G70: MANUAL | H70: =Manual!$E$62 -> 55 | I70: =Manual!$E$63 -> 5
A71: Q3 | B71: =Manual!$G$62 -> 58 | C71: =Manual!$G$63 -> 2 | F71: Q2 | G71: MANUAL | H71: =Manual!$F$62 -> 60 | I71: =Manual!$F$63 -> 0
A72: Q4 | B72: =Manual!$H$62 -> 60 | C72: =Manual!$H$63 -> 0 | F72: Q3 | G72: MANUAL | H72: =Manual!$G$62 -> 58 | I72: =Manual!$G$63 -> 2
F73: Q4 | G73: MANUAL | H73: =Manual!$H$62 -> 60 | I73: =Manual!$H$63 -> 0
A74: IA | B74: SIM | C74: NAO | F74: Q1 | G74: IA | H74: ='A - IA'!$E$62 -> 51 | I74: ='A - IA'!$E$63 -> 9
A75: Q1 | B75: ='A - IA'!$E$62 -> 51 | C75: ='A - IA'!$E$63 -> 9 | F75: Q2 | G75: IA | H75: ='A - IA'!$F$62 -> 58 | I75: ='A - IA'!$F$63 -> 2
A76: Q2 | B76: ='A - IA'!$F$62 -> 58 | C76: ='A - IA'!$F$63 -> 2 | F76: Q3 | G76: IA | H76: ='A - IA'!$G$62 -> 50 | I76: ='A - IA'!$G$63 -> 10
A77: Q3 | B77: ='A - IA'!$G$62 -> 50 | C77: ='A - IA'!$G$63 -> 10 | F77: Q4 | G77: IA | H77: ='A - IA'!$H$62 -> 50 | I77: ='A - IA'!$H$63 -> 10
A78: Q4 | B78: ='A - IA'!$H$62 -> 50 | C78: ='A - IA'!$H$63 -> 10 | D78: =Manual!$E72
C79: =Manual!$F71 | D79: =Manual!$F72
C80: =Manual!$G71 | D80: =Manual!$G72
C81: =Manual!$H71 | D81: =Manual!$H72

Sheet Comparação Detalhada
A1: Sistema | B1: Tarefa (Objetivo) | C1: Versão | D1: Ação (Subtarefa) | E1: Manual Q1 | F1: IA-A Q1 | G1: IA-B Q1 | H1: IA-C Q1 | I1: Q1 (C=Manual?) | J1: Q1 (A=B?) | K1: Q1 (IA=Manual?) | M1: Manual Q2 | N1: IA-A Q2 | O1: IA-B Q2 | P1: IA-C Q2 | Q1: Q2 (C=Manual?) | R1: Q2 (A=B?) | S1: Q2 (IA=Manual?) | U1: Manual Q3 | V1: IA-A Q3 | W1: IA-B Q3 | X1: IA-C Q3 | Y1: Q3 (C=Manual?) | Z1: Q3 (A=B?) | AA1: Q3 (IA=Manual?) | AC1: Manual Q4 | AD1: IA-A Q4 | AE1: IA-B Q4 | AF1: IA-C Q4 | AG1: Q4 (C=Manual?) | AH1: Q4 (A=B?) | AI1: Q4 (IA=Manual?)
A2: {=Manual!A2:D61} -> Processador de texto | B2: 1. Escrever o título "Documento de Análise" e centralizá-lo no documento | C2: v0 | D2: Clicar na caixa de seleção "Definir estilo do parágrafo" | E2: {=Manual!E2:E61} -> Sim | F2: {='A - IA'!E2:E61} -> Não | G2: {='B- IA'!E2:E61} -> Sim | H2: {='C - IA'!E2:E61} -> Sim | I2: {=IF(E2:E61="","",IF(E2:E61=H2:H61,"Sim","Diferente"))} -> Sim | J2: {=IF(F2:F61="","",IF(F2:F61=G2:G61,"Sim","Diferente"))} -> Diferente | K2: {=IF(E2:E61="","",IF(E2:E61=F2:F61,"Sim","Diferente"))} -> Diferente | M2: {=Manual!F2:F61} -> Sim | N2: {='A - IA'!F2:F61} -> Sim | O2: {='B- IA'!F2:F61} -> Sim | P2: {='C - IA'!F2:F61} -> Sim | Q2: {=IF(M2:M61="","",IF(M2:M61=P2:P61,"Sim","Diferente"))} -> Sim | R2: {=IF(N2:N61="","",IF(N2:N61=O2:O61,"Sim","Diferente"))} -> Sim | S2: {=IF(M2:M61="","",IF(M2:M61=N2:N61,"Sim","Diferente"))} -> Sim | U2: {=Manual!G2:G61} -> Sim | V2: {='A - IA'!G2:G61} -> Sim | W2: {='B- IA'!G2:G61} -> Sim | X2: {='C - IA'!G2:G61} -> Sim | Y2: {=IF(U2:U61="","",IF(U2:U61=X2:X61,"Sim","Diferente"))} -> Sim | Z2: {=IF(V2:V61="","",IF(V2:V61=W2:W61,"Sim","Diferente"))} -> Sim | AA2: {=IF(U2:U61="","",IF(U2:U61=V2:V61,"Sim","Diferente"))} -> Sim | AC2: {=Manual!H2:H61} -> Sim | AD2: {='A - IA'!H2:H61} -> Sim | AE2: {='B- IA'!H2:H61} -> Sim | AF2: {='C - IA'!H2:H61} -> Sim | AG2: {=IF(AC2:AC61="","",IF(AC2:AC61=AF2:AF61,"Sim","Diferente"))} -> Sim | AH2: {=IF(AD2:AD61="","",IF(AD2:AD61=AE2:AE61,"Sim","Diferente"))} -> Diferente | AI2: {=IF(AC2:AC61="","",IF(AC2:AC61=AD2:AD61,"Sim","Diferente"))} -> Sim
A3: Processador de texto | B3: 1. Escrever o título "Documento de Análise" e centralizá-lo no documento | C3: v0 | D3: Clicar em "Título do documento" | E3: Sim | F3: Sim | G3: Sim | H3: Sim | I3: Sim | J3: Sim | K3: Sim | M3: Sim | N3: Sim | O3: Sim | P3: Sim | Q3: Sim | R3: Sim | S3: Sim | U3: Sim | V3: Não | W3: Sim | X3: Sim | Y3: Sim | Z3: Diferente | AA3: Diferente | AC3: Sim | AD3: Sim | AE3: SIm | AF3: Sim | AG3: Sim | AH3: Diferente | AI3: Sim
A4: Processador de texto | B4: 1. Escrever o título "Documento de Análise" e centralizá-lo no documento | C4: v0 | D4: Escrever "Documento de Análise" | E4: Sim | F4: Sim | G4: Sim | H4: Sim | I4: Sim | J4: Sim | K4: Sim | M4: Sim | N4: Sim | O4: Sim | P4: Sim | Q4: Sim | R4: Sim | S4: Sim | U4: Sim | V4: Não | W4: Sim | X4: Sim | Y4: Sim | Z4: Diferente | AA4: Diferente | AC4: Sim | AD4: Sim | AE4: SIm | AF4: Sim | AG4: Sim | AH4: Diferente | AI4: Sim
A5: Processador de texto | B5: 1. Escrever o título "Documento de Análise" e centralizá-lo no documento | C5: v1 | D5: Clicar em "Estilos" | E5: Sim | F5: Não | G5: Sim | H5: Sim | I5: Sim | J5: Diferente | K5: Diferente | M5: Sim | N5: Sim | O5: Sim | P5: Sim | Q5: Sim | R5: Sim | S5: Sim | U5: Sim | V5: Não | W5: Sim | X5: Sim | Y5: Sim | Z5: Diferente | AA5: Diferente | AC5: Sim | AD5: Não | AE5: SIm | AF5: Sim | AG5: Diferente | AH5: Diferente | AI5: Diferente
A6: Processador de texto | B6: 1. Escrever o título "Documento de Análise" e centralizá-lo no documento | C6: v1 | D6: Clicar em "título" | E6: Sim | F6: Não | G6: Sim | H6: Não | I6: Diferente | J6: Diferente | K6: Diferente | M6: Sim | N6: Sim | O6: Sim | P6: Sim | Q6: Sim | R6: Sim | S6: Sim | U6: Sim | V6: Não | W6: Sim | X6: Sim | Y6: Sim | Z6: Diferente | AA6: Diferente | AC6: Sim | AD6: Não | AE6: SIm | AF6: Sim | AG6: Sim | AH6: Diferente | AI6: Diferente
A7: Processador de texto | B7: 1. Escrever o título "Documento de Análise" e centralizá-lo no documento | C7: v1 | D7: Escrever "Documento de Análise" | E7: Sim | F7: Sim | G7: Sim | H7: Sim | I7: Sim | J7: Sim | K7: Sim | M7: Sim | N7: Sim | O7: Sim | P7: Sim | Q7: Sim | R7: Sim | S7: Sim | U7: Sim | V7: Sim | W7: Sim | X7: Sim | Y7: Sim | Z7: Diferente | AA7: Sim | AC7: Sim | AD7: Sim | AE7: Sim | AF7: Sim | AG7: Diferente | AH7: Diferente | AI7: Sim
A8: Processador de texto | B8: 2. Inserir uma tabela 4x4 | C8: v0 | D8: Clicar em "Tabela" | E8: Sim | F8: Sim | G8: Sim | H8: Sim | I8: Sim | J8: Sim | K8: Sim | M8: Sim | N8: Sim | O8: Sim | P8: Sim | Q8: Sim | R8: Sim | S8: Sim | U8: Sim | V8: Sim | W8: Sim | X8: Sim | Y8: Sim | Z8: Sim | AA8: Sim | AC8: Sim | AD8: Sim | AE8: Sim | AF8: Sim | AG8: Diferente | AH8: Diferente | AI8: Sim
A9: Processador de texto | B9: 2. Inserir uma tabela 4x4 | C9: v0 | D9: Clicar em Inserir Tabela | E9: Sim | F9: Sim | G9: Sim | H9: Sim | I9: Sim | J9: Sim | K9: Sim | M9: Sim | N9: Sim | O9: Sim | P9: Sim | Q9: Sim | R9: Sim | S9: Sim | U9: Sim | V9: Sim | W9: Sim | X9: Sim | Y9: Sim | Z9: Sim | AA9: Sim | AC9: Sim | AD9: Sim | AE9: Sim | AF9: Sim | AG9: Sim | AH9: Diferente | AI9: Sim
A10: Processador de texto | B10: 2. Inserir uma tabela 4x4 | C10: v0 | D10: Ajustar para 4x4 | E10: Sim | F10: Sim | G10: Sim | H10: Sim | I10: Sim | J10: Sim | K10: Sim | M10: Sim | N10: Sim | O10: Sim | P10: Sim | Q10: Sim | R10: Sim | S10: Sim | U10: Sim | V10: Sim | W10: Sim | X10: SIm | Y10: Sim | Z10: Sim | AA10: Sim | AC10: Sim | AD10: Sim | AE10: Sim | AF10: SIm | AG10: Sim | AH10: Diferente | AI10: Sim
A11: Processador de texto | B11: 2. Inserir uma tabela 4x4 | C11: v0 | D11: Clicar em "Inserir" | E11: Sim | F11: Sim | G11: Sim | H11: Sim | I11: Sim | J11: Sim | K11: Sim | M11: Sim | N11: Sim | O11: Sim | P11: Sim | Q11: Sim | R11: Sim | S11: Sim | U11: Sim | V11: Sim | W11: Sim | X11: Sim | Y11: Sim | Z11: Diferente | AA11: Sim | AC11: Sim | AD11: Sim | AE11: Sim | AF11: Sim | AG11: Sim | AH11: Diferente | AI11: Sim
A12: Processador de texto | B12: 2. Inserir uma tabela 4x4 | C12: v1 | D12: Na barra de ferramentas clicar em "inserir tabela" | E12: Sim | F12: Sim | G12: Sim | H12: Sim | I12: Sim | J12: Sim | K12: Sim | M12: Sim | N12: Sim | O12: Sim | P12: Sim | Q12: Sim | R12: Sim | S12: Sim | U12: Sim | V12: Sim | W12: Sim | X12: Sim | Y12: Sim | Z12: Sim | AA12: Sim | AC12: Sim | AD12: Sim | AE12: Sim | AF12: Sim | AG12: Sim | AH12: Diferente | AI12: Sim
A13: Processador de texto | B13: 2. Inserir uma tabela 4x4 | C13: v1 | D13: Ajustar para 4x4 | E13: Sim | F13: Sim | G13: Sim | H13: Sim | I13: Sim | J13: Sim | K13: Sim | M13: Sim | N13: Sim | O13: Sim | P13: Sim | Q13: Sim | R13: Sim | S13: Sim | U13: Sim | V13: Sim | W13: Sim | X13: Sim | Y13: Sim | Z13: Sim | AA13: Sim | AC13: Sim | AD13: Sim | AE13: Sim | AF13: Sim | AG13: Sim | AH13: Diferente | AI13: Sim
A14: Processador de texto | B14: 2. Inserir uma tabela 4x4 | C14: v1 | D14: Clicar no tamanho desejado | E14: Sim | F14: Sim | G14: Sim | H14: Sim | I14: Sim | J14: Sim | K14: Sim | M14: Sim | N14: Sim | O14: Sim | P14: Sim | Q14: Sim | R14: Sim | S14: Sim | U14: Sim | V14: Sim | W14: Sim | X14: SIm | Y14: Sim | Z14: Sim | AA14: Sim | AC14: Sim | AD14: Sim | AE14: Sim | AF14: Sim | AG14: Sim | AH14: Diferente | AI14: Sim
... A61: Site de comércio eletrônico | B61: 5. Verificar histórico de pedidos | C61: - | D61: Clicar em "Pedidos" | E61: Sim | F61: Não | G61: Sim | H61: Sim | I61: Sim | J61: Diferente | K61: Diferente | M61: Sim | N61: Sim | O61: Sim | P61: Sim | Q61: Sim | R61: Sim | S61: Sim | U61: Sim | V61: Sim | W61: Sim | X61: Sim | Y61: Sim | Z61: Diferente | AA61: Sim | AC61: Sim | AD61: Não | AE61: Sim | AF61: Sim | AG61: Sim | AH61: Diferente | AI61: Diferente

Sheet Página3
A1: PERGUNTA | B1: A | C1: B
A2: Q1 | B2: =SUMPRODUCT(--(TRIM(LOWER('A - IA'!E$2:E$61)) = TRIM(LOWER(Manual!E$2:E$61))), --(Manual!E$2:E$61 <> "")) / COUNTA(Manual!E$2:E$61) -> 0.86666667 | C2: =SUMPRODUCT(--(TRIM(LOWER('B- IA'!E$2:E$61)) = TRIM(LOWER(Manual!E$2:E$61))), --(Manual!E$2:E$61 <> "")) / COUNTA(Manual!E$2:E$61) -> 0.93333333
A3: Q2 | B3: =SUMPRODUCT(--(TRIM(LOWER('A - IA'!F$2:F$61)) = TRIM(LOWER(Manual!F$2:F$61))), --(Manual!F$2:F$61 <> "")) / COUNTA(Manual!F$2:F$61) -> 0.96666667 | C3: =SUMPRODUCT(--(TRIM(LOWER('B- IA'!F$2:F$61)) = TRIM(LOWER(Manual!F$2:F$61))), --(Manual!F$2:F$61 <> "")) / COUNTA(Manual!F$2:F$61) -> 0.98333333
A4: Q3 | B4: =SUMPRODUCT(--(TRIM(LOWER('A - IA'!G$2:G$61)) = TRIM(LOWER(Manual!G$2:G$61))), --(Manual!G$2:G$61 <> "")) / COUNTA(Manual!G$2:G$61) -> 0.8 | C4: =SUMPRODUCT(--(TRIM(LOWER('B- IA'!G$2:G$61)) = TRIM(LOWER(Manual!G$2:G$61))), --(Manual!G$2:G$61 <> "")) / COUNTA(Manual!G$2:G$61) -> 0.93333333
A5: Q4 | B5: =SUMPRODUCT(--(TRIM(LOWER('A - IA'!H$2:H$61)) = TRIM(LOWER(Manual!H$2:H$61))), --(Manual!H$2:H$61 <> "")) / COUNTA(Manual!H$2:H$61) -> 0.83333333 | C5: =SUMPRODUCT(--(TRIM(LOWER('B- IA'!H$2:H$61)) = TRIM(LOWER(Manual!H$2:H$61))), --(Manual!H$2:H$61 <> "")) / COUNTA(Manual!H$2:H$61) -> 0.95

Sheet Gráfico1 Comparação de Desempen
A3: Modelo/Grupo | B3: A | C3: B
A4: A | B4: 0.86666667
A5: A | B5: 0.96666667
A6: A | B6: 0.8
A7: A | B7: 0.83333333
A8: B | C8: 0.93333333
A9: B | C9: 0.98333333
A10: B | C10: 0.93333333
A11: B | C11: 0.95

Sheet Calc_Data
A1: Pergunta | B1: Manual | C1: Modo A | D1: Modo B | E1: Modo C
A2: Q1 | B2: =SUMPRODUCT(--(TRIM(UPPER('Comparação Detalhada'!E2:E61))="SIM")) / COUNTA('Comparação Detalhada'!E2:E61) -> 0.91666667 | C2: =SUMPRODUCT(--(TRIM(UPPER('Comparação Detalhada'!F2:F61))="SIM")) / COUNTA('Comparação Detalhada'!F2:F61) -> 0.85 | D2: =SUMPRODUCT(--(TRIM(UPPER('Comparação Detalhada'!G2:G61))="SIM")) / COUNTA('Comparação Detalhada'!G2:G61) -> 0.98333333 | E2: =SUMPRODUCT(--(TRIM(UPPER('Comparação Detalhada'!H2:H61))="SIM")) / COUNTA('Comparação Detalhada'!H2:H61) -> 0.9
A3: Q2 | B3: =SUMPRODUCT(--(TRIM(UPPER('Comparação Detalhada'!M2:M61))="SIM")) / COUNTA('Comparação Detalhada'!M2:M61) -> 1 | C3: =SUMPRODUCT(--(TRIM(UPPER('Comparação Detalhada'!N2:N61))="SIM")) / COUNTA('Comparação Detalhada'!N2:N61) -> 0.96666667 | D3: =SUMPRODUCT(--(TRIM(UPPER('Comparação Detalhada'!O2:O61))="SIM")) / COUNTA('Comparação Detalhada'!O2:O61) -> 0.98333333 | E3: =SUMPRODUCT(--(TRIM(UPPER('Comparação Detalhada'!P2:P61))="SIM")) / COUNTA('Comparação Detalhada'!P2:P61) -> 0.96666667
A4: Q3 | B4: =SUMPRODUCT(--(TRIM(UPPER('Comparação Detalhada'!U2:U61))="SIM")) / COUNTA('Comparação Detalhada'!U2:U61) -> 0.96666667 | C4: =SUMPRODUCT(--(TRIM(UPPER('Comparação Detalhada'!V2:V61))="SIM")) / COUNTA('Comparação Detalhada'!V2:V61) -> 0.83333333 | D4: =SUMPRODUCT(--(TRIM(UPPER('Comparação Detalhada'!W2:W61))="SIM")) / COUNTA('Comparação Detalhada'!W2:W61) -> 0.96666667 | E4: =SUMPRODUCT(--(TRIM(UPPER('Comparação Detalhada'!X2:X61))="SIM")) / COUNTA('Comparação Detalhada'!X2:X61) -> 0.95
A5: Q4 | B5: =SUMPRODUCT(--(TRIM(UPPER('Comparação Detalhada'!AC2:AC61))="SIM")) / COUNTA('Comparação Detalhada'!AC2:AC61) -> 1 | C5: =SUMPRODUCT(--(TRIM(UPPER('Comparação Detalhada'!AD2:AD61))="SIM")) / COUNTA('Comparação Detalhada'!AD2:AD61) -> 0.83333333 | D5: =SUMPRODUCT(--(TRIM(UPPER('Comparação Detalhada'!AE2:AE61))="SIM")) / COUNTA('Comparação Detalhada'!AE2:AE61) -> 0.95 | E5: =SUMPRODUCT(--(TRIM(UPPER('Comparação Detalhada'!AF2:AF61))="SIM")) / COUNTA('Comparação Detalhada'!AF2:AF61) -> 0.91666667
A8: Pergunta | B8: Modo A | C8: Modo B | D8: Modo C
A9: Q1 | B9: =SUMPRODUCT(--(TRIM(UPPER('Comparação Detalhada'!F2:F61))=TRIM(UPPER('Comparação Detalhada'!E2:E61)))) / COUNTA('Comparação Detalhada'!E2:E61) -> 0.86666667 | C9: =SUMPRODUCT(--(TRIM(UPPER('Comparação Detalhada'!G2:G61))=TRIM(UPPER('Comparação Detalhada'!E2:E61)))) / COUNTA('Comparação Detalhada'!E2:E61) -> 0.93333333 | D9: =SUMPRODUCT(--(TRIM(UPPER('Comparação Detalhada'!H2:H61))=TRIM(UPPER('Comparação Detalhada'!E2:E61)))) / COUNTA('Comparação Detalhada'!E2:E61) -> 0.88333333
A10: Q2 | B10: =SUMPRODUCT(--(TRIM(UPPER('Comparação Detalhada'!N2:N61))=TRIM(UPPER('Comparação Detalhada'!M2:M61)))) / COUNTA('Comparação Detalhada'!M2:M61) -> 0.96666667 | C10: =SUMPRODUCT(--(TRIM(UPPER('Comparação Detalhada'!O2:O61))=TRIM(UPPER('Comparação Detalhada'!M2:M61)))) / COUNTA('Comparação Detalhada'!M2:M61) -> 0.98333333 | D10: =SUMPRODUCT(--(TRIM(UPPER('Comparação Detalhada'!P2:P61))=TRIM(UPPER('Comparação Detalhada'!M2:M61)))) / COUNTA('Comparação Detalhada'!M2:M61) -> 0.96666667
A11: Q3 | B11: =SUMPRODUCT(--(TRIM(UPPER('Comparação Detalhada'!V2:V61))=TRIM(UPPER('Comparação Detalhada'!U2:U61)))) / COUNTA('Comparação Detalhada'!U2:U61) -> 0.8 | C11: =SUMPRODUCT(--(TRIM(UPPER('Comparação Detalhada'!W2:W61))=TRIM(UPPER('Comparação Detalhada'!U2:U61)))) / COUNTA('Comparação Detalhada'!U2:U61) -> 0.93333333 | D11: =SUMPRODUCT(--(TRIM(UPPER('Comparação Detalhada'!X2:X61))=TRIM(UPPER('Comparação Detalhada'!U2:U61)))) / COUNTA('Comparação Detalhada'!U2:U61) -> 0.91666667
A12: Q4 | B12: =SUMPRODUCT(--(TRIM(UPPER('Comparação Detalhada'!AD2:AD61))=TRIM(UPPER('Comparação Detalhada'!AC2:AC61)))) / COUNTA('Comparação Detalhada'!AC2:AC61) -> 0.83333333 | C12: =SUMPRODUCT(--(TRIM(UPPER('Comparação Detalhada'!AE2:AE61))=TRIM(UPPER('Comparação Detalhada'!AC2:AC61)))) / COUNTA('Comparação Detalhada'!AC2:AC61) -> 0.95 | D12: =SUMPRODUCT(--(TRIM(UPPER('Comparação Detalhada'!AF2:AF61))=TRIM(UPPER('Comparação Detalhada'!AC2:AC61)))) / COUNTA('Comparação Detalhada'!AC2:AC61) -> 0.91666667
A15: Sistema | B15: Modo A | C15: Modo B | D15: Modo C
A16: {=UNIQUE('Comparação Detalhada'!A2:A61)} -> Processador de texto | B16: 0.927 | C16: 0.979 | D16: =(SUMPRODUCT((TRIM('Comparação Detalhada'!$A$2:$A$61)=$A16) * (TRIM(UPPER('Comparação Detalhada'!$H$2:$H$61))=TRIM(UPPER('Comparação Detalhada'!$E$2:$E$61)))) + SUMPRODUCT((TRIM('Comparação Detalhada'!$A$2:$A$61)=$A16) * (TRIM(UPPER('Comparação Detalhada'!$P$2:$P$61))=TRIM(UPPER('Comparação Detalhada'!$M$2:$M$61)))) + SUMPRODUCT((TRIM('Comparação Detalhada'!$A$2:$A$61)=$A16) * (TRIM(UPPER('Comparação Detalhada'!$X$2:$X$61))=TRIM(UPPER('Comparação Detalhada'!$U$2:$U$61)))) + SUMPRODUCT((TRIM('Comparação Detalhada'!$A$2:$A$61)=$A16) * (TRIM(UPPER('Comparação Detalhada'!$AF$2:$AF$61))=TRIM(UPPER('Comparação Detalhada'!$AC$2:$AC$61))))) / (SUMPRODUCT(--(TRIM('Comparação Detalhada'!$A$2:$A$61)=$A16)) * 4) -> 0.88
A17: Site de prefeitura | B17: 0.972 | C17: 0.972 | D17: =(SUMPRODUCT((TRIM('Comparação Detalhada'!$A$2:$A$61)=$A17) * (TRIM(UPPER('Comparação Detalhada'!$H$2:$H$61))=TRIM(UPPER('Comparação Detalhada'!$E$2:$E$61)))) + SUMPRODUCT((TRIM('Comparação Detalhada'!$A$2:$A$61)=$A17) * (TRIM(UPPER('Comparação Detalhada'!$P$2:$P$61))=TRIM(UPPER('Comparação Detalhada'!$M$2:$M$61)))) + SUMPRODUCT((TRIM('Comparação Detalhada'!$A$2:$A$61)=$A17) * (TRIM(UPPER('Comparação Detalhada'!$X$2:$X$61))=TRIM(UPPER('Comparação Detalhada'!$U$2:$U$61)))) + SUMPRODUCT((TRIM('Comparação Detalhada'!$A$2:$A$61)=$A17) * (TRIM(UPPER('Comparação Detalhada'!$AF$2:$AF$61))=TRIM(UPPER('Comparação Detalhada'!$AC$2:$AC$61))))) / (SUMPRODUCT(--(TRIM('Comparação Detalhada'!$A$2:$A$61)=$A17)) * 4) -> 0.95833333
A18: Site de comércio eletrônico | B18: 0.903 | C18: 0.986 | D18: =(SUMPRODUCT((TRIM('Comparação Detalhada'!$A$2:$A$61)=$A18) * (TRIM(UPPER('Comparação Detalhada'!$H$2:$H$61))=TRIM(UPPER('Comparação Detalhada'!$E$2:$E$61)))) + SUMPRODUCT((TRIM('Comparação Detalhada'!$A$2:$A$61)=$A18) * (TRIM(UPPER('Comparação Detalhada'!$P$2:$P$61))=TRIM(UPPER('Comparação Detalhada'!$M$2:$M$61)))) + SUMPRODUCT((TRIM('Comparação Detalhada'!$A$2:$A$61)=$A18) * (TRIM(UPPER('Comparação Detalhada'!$X$2:$X$61))=TRIM(UPPER('Comparação Detalhada'!$U$2:$U$61)))) + SUMPRODUCT((TRIM('Comparação Detalhada'!$A$2:$A$61)=$A18) * (TRIM(UPPER('Comparação Detalhada'!$AF$2:$AF$61))=TRIM(UPPER('Comparação Detalhada'!$AC$2:$AC$61))))) / (SUMPRODUCT(--(TRIM('Comparação Detalhada'!$A$2:$A$61)=$A18)) * 4) -> 0.94117647

Sheet Dashboard_Graficos
B1: Dashboard de Desempenho de IA vs Manual
J25: Principais Insights
J27: 1. O Modo B demonstrou consistência superior ao Modo A em quase todas as perguntas, mantendo uma acurácia próxima ou superior a 95%. 2. A maior divergência do Modo A ocorreu na Pergunta 4, onde sua acurácia caiu significativamente (especialmente no site das Lojas Americanas, com 61,1%). 3. O Modo B superou o Modo A em todos os sistemas avaliados, mostrando-se mais robusto para as tarefas propostas. 4. Em relação à taxa de respostas 'Sim', o Modo B acompanhou o padrão do comportamento Manual muito mais de perto do que o Modo A, que apresentou uma taxa de 'Sim' mais baixa nas questões Q1, Q3 e Q4.
